PK,SK,character,name,en,vi,
COMPONENT,1,┌,,,,
COMPONENT,2,┣,,,,
COMPONENT,3,┬,,,,
COMPONENT,4,┴,,,,
COMPONENT,5,⺀,,,,
COMPONENT,6,⺁,,,,
COMPONENT,7,⺄,,,,
COMPONENT,8,⺆,,,,
COMPONENT,9,⺉,,,,
COMPONENT,10,⺌,,,,
COMPONENT,11,⺍,,,,
COMPONENT,12,⺍冖,,,,
COMPONENT,13,⺤,,,,
COMPONENT,14,⺧,,,,
COMPONENT,15,⺷,,,,
COMPONENT,16,⺽,,,,
COMPONENT,17,く,,,,
COMPONENT,18,イ,,,,
COMPONENT,19,エ,,,,
COMPONENT,20,ク,,,,
COMPONENT,21,サ,,,,
COMPONENT,22,タ,,,,
COMPONENT,23,ツ,,,,
COMPONENT,24,ツ厂,,,,
COMPONENT,25,ツ寸,,,,
COMPONENT,26,ト,,,,
COMPONENT,27,ナ,,,,
COMPONENT,28,ニ,,,,
COMPONENT,29,ヌ,,,,
COMPONENT,30,ノ,,,,
COMPONENT,31,ヒ,,,,
COMPONENT,32,フ,,,,
COMPONENT,33,ホ,,,,
COMPONENT,34,マ,,,,
COMPONENT,35,ム,,,,
COMPONENT,36,メ,,,,
COMPONENT,37,ユ,,,,
COMPONENT,38,ヨ,,,,
COMPONENT,39,ヨ冖又,,,,
COMPONENT,40,ラ,,,,
COMPONENT,41,リ,,,,
COMPONENT,42,㐄,,,,
COMPONENT,43,㐅,,,,
COMPONENT,44,㐫,,,,
COMPONENT,45,㐬,,,,
COMPONENT,46,㐮,,,,
COMPONENT,47,㐱,,,,
COMPONENT,48,㑒,,,,
COMPONENT,49,㓞,,,,
COMPONENT,50,㔾,,,,
COMPONENT,51,㕣,,,,
COMPONENT,52,㚅,,,,
COMPONENT,53,㚘,,,,
COMPONENT,54,㞋,,,,
COMPONENT,55,㠯,,,,
COMPONENT,56,㣺,,,,
COMPONENT,57,㥑,,,,
COMPONENT,58,㥯,,,,
COMPONENT,59,㦮,,,,
COMPONENT,60,㳟,,,,
COMPONENT,61,㸚,,,,
COMPONENT,62,䒑,,,,
COMPONENT,63,䦨,,,,
COMPONENT,64,䩗,,,,
COMPONENT,65,一,,,,
COMPONENT,66,一ム,,,,
COMPONENT,67,丁,,,,
COMPONENT,68,丂,,,,
COMPONENT,69,七,,,,
COMPONENT,70,丆,,,,
COMPONENT,71,万,,,,
COMPONENT,72,三,,,,
COMPONENT,73,三人,,,,
COMPONENT,74,上,,,,
COMPONENT,75,下,,,,
COMPONENT,76,不,,,,
COMPONENT,77,且,,,,
COMPONENT,78,世,,,,
COMPONENT,79,丗,,,,
COMPONENT,80,丘,,,,
COMPONENT,81,丙,,,,
COMPONENT,82,业,,,,
COMPONENT,83,丞,,,,
COMPONENT,84,両,,,,
COMPONENT,85,並,,,,
COMPONENT,86,丨,,,,
COMPONENT,87,丩,,,,
COMPONENT,88,丬,,,,
COMPONENT,89,中,,,,
COMPONENT,90,丰,,,,
COMPONENT,91,串,,,,
COMPONENT,92,丶,,,,
COMPONENT,93,丷,,,,
COMPONENT,94,丸,,,,
COMPONENT,95,丹,,,,
COMPONENT,96,主,,,,
COMPONENT,97,丿丨,,,,
COMPONENT,98,乂,,,,
COMPONENT,99,乃,,,,
COMPONENT,100,久,,,,
COMPONENT,101,乇,,,,
COMPONENT,102,之,,,,
COMPONENT,103,乍,,,,
COMPONENT,104,乎,,,,
COMPONENT,105,乑,,,,
COMPONENT,106,乗,,,,
COMPONENT,107,乙,,,,
COMPONENT,108,乚,,,,
COMPONENT,109,九,,,,
COMPONENT,110,乞,,,,
COMPONENT,111,也,,,,
COMPONENT,112,乡,,,,
COMPONENT,113,亅,,,,
COMPONENT,114,了,,,,
COMPONENT,115,予,,,,
COMPONENT,116,争,,,,
COMPONENT,117,二,,,,
COMPONENT,118,亍,,,,
COMPONENT,119,于,,,,
COMPONENT,120,云,,,,
COMPONENT,121,五,,,,
COMPONENT,122,井,,,,
COMPONENT,123,亘,,,,
COMPONENT,124,亚,,,,
COMPONENT,125,亜,,,,
COMPONENT,126,亟,,,,
COMPONENT,127,亠,,,,
COMPONENT,128,亠ム,,,,
COMPONENT,129,亠口,,,,
COMPONENT,130,亡,,,,
COMPONENT,131,亢,,,,
COMPONENT,132,交,,,,
COMPONENT,133,亥,,,,
COMPONENT,134,亦,,,,
COMPONENT,135,产,,,,
COMPONENT,136,亨,,,,
COMPONENT,137,亩,,,,
COMPONENT,138,享,,,,
COMPONENT,139,京,,,,
COMPONENT,140,亭,,,,
COMPONENT,141,亲,,,,
COMPONENT,142,亶,,,,
COMPONENT,143,人,,,,
COMPONENT,144,亻,,,,
COMPONENT,145,今,,,,
COMPONENT,146,介,,,,
COMPONENT,147,从,,,,
COMPONENT,148,仒,,,,
COMPONENT,149,付,,,,
COMPONENT,150,代,,,,
COMPONENT,151,令,,,,
COMPONENT,152,以,,,,
COMPONENT,153,任,,,,
COMPONENT,154,伐,,,,
COMPONENT,155,会,,,,
COMPONENT,156,何,,,,
COMPONENT,157,余,,,,
COMPONENT,158,佰,,,,
COMPONENT,159,侌,,,,
COMPONENT,160,侖,,,,
COMPONENT,161,保,,,,
COMPONENT,162,俞,,,,
COMPONENT,163,倉,,,,
COMPONENT,164,儿,,,,
COMPONENT,165,兀,,,,
COMPONENT,166,允,,,,
COMPONENT,167,元,,,,
COMPONENT,168,兄,,,,
COMPONENT,169,充,,,,
COMPONENT,170,兆,,,,
COMPONENT,171,先,,,,
COMPONENT,172,光,,,,
COMPONENT,173,免,,,,
COMPONENT,174,兑,,,,
COMPONENT,175,入,,,,
COMPONENT,176,全,,,,
COMPONENT,177,八,,,,
COMPONENT,178,公,,,,
COMPONENT,179,六,,,,
COMPONENT,180,共,,,,
COMPONENT,181,关,,,,
COMPONENT,182,兴,,,,
COMPONENT,183,兵,,,,
COMPONENT,184,其,,,,
COMPONENT,185,具,,,,
COMPONENT,186,兹,,,,
COMPONENT,187,兼,,,,
COMPONENT,188,冂,,,,
COMPONENT,189,冂儿,,,,
COMPONENT,190,内,,,,
COMPONENT,191,冉,,,,
COMPONENT,192,冊,,,,
COMPONENT,193,冋,,,,
COMPONENT,194,再,,,,
COMPONENT,195,冎,,,,
COMPONENT,196,冏,,,,
COMPONENT,197,冒,,,,
COMPONENT,198,冓,,,,
COMPONENT,199,冖,,,,
COMPONENT,200,冗,,,,
COMPONENT,201,冘,,,,
COMPONENT,202,冫,,,,
COMPONENT,203,冬,,,,
COMPONENT,204,准,,,,
COMPONENT,205,几,,,,
COMPONENT,206,凡,,,,
COMPONENT,207,処,,,,
COMPONENT,208,凵,,,,
COMPONENT,209,凶,,,,
COMPONENT,210,出,,,,
COMPONENT,211,刀,,,,
COMPONENT,212,刂,,,,
COMPONENT,213,刃,,,,
COMPONENT,214,分,,,,
COMPONENT,215,切,,,,
COMPONENT,216,刑,,,,
COMPONENT,217,列,,,,
COMPONENT,218,利,,,,
COMPONENT,219,制,,,,
COMPONENT,220,則,,,,
COMPONENT,221,力,,,,
COMPONENT,222,加,,,,
COMPONENT,223,务,,,,
COMPONENT,224,劦,,,,
COMPONENT,225,勇,,,,
COMPONENT,226,動,,,,
COMPONENT,227,務,,,,
COMPONENT,228,勹,,,,
COMPONENT,229,勺,,,,
COMPONENT,230,勿,,,,
COMPONENT,231,匀,,,,
COMPONENT,232,匂,,,,
COMPONENT,233,包,,,,
COMPONENT,234,匈,,,,
COMPONENT,235,匊,,,,
COMPONENT,236,匋,,,,
COMPONENT,237,匕,,,,
COMPONENT,238,化,,,,
COMPONENT,239,北,,,,
COMPONENT,240,匚,,,,
COMPONENT,241,区,,,,
COMPONENT,242,十,,,,
COMPONENT,243,十艹,,,,
COMPONENT,244,卂,,,,
COMPONENT,245,千,,,,
COMPONENT,246,卄,,,,
COMPONENT,247,卆,,,,
COMPONENT,248,升,,,,
COMPONENT,249,午,,,,
COMPONENT,250,卉,,,,
COMPONENT,251,半,,,,
COMPONENT,252,卑,,,,
COMPONENT,253,卒,,,,
COMPONENT,254,卓,,,,
COMPONENT,255,南,,,,
COMPONENT,256,単,,,,
COMPONENT,257,卜,,,,
COMPONENT,258,占,,,,
COMPONENT,259,卦,,,,
COMPONENT,260,卩,,,,
COMPONENT,261,卬,,,,
COMPONENT,262,卯,,,,
COMPONENT,263,即,,,,
COMPONENT,264,却,,,,
COMPONENT,265,卸,,,,
COMPONENT,266,厂,,,,
COMPONENT,267,厃,,,,
COMPONENT,268,厓,,,,
COMPONENT,269,原,,,,
COMPONENT,270,厳,,,,
COMPONENT,271,厶,,,,
COMPONENT,272,厷,,,,
COMPONENT,273,去,,,,
COMPONENT,274,参,,,,
COMPONENT,275,又,,,,
COMPONENT,276,及,,,,
COMPONENT,277,友,,,,
COMPONENT,278,双,,,,
COMPONENT,279,反,,,,
COMPONENT,280,叒,,,,
COMPONENT,281,叔,,,,
COMPONENT,282,取,,,,
COMPONENT,283,受,,,,
COMPONENT,284,叚,,,,
COMPONENT,285,口,,,,
COMPONENT,286,口口,,,,
COMPONENT,287,古,,,,
COMPONENT,288,句,,,,
COMPONENT,289,叧,,,,
COMPONENT,290,叩,,,,
COMPONENT,291,召,,,,
COMPONENT,292,可,,,,
COMPONENT,293,台,,,,
COMPONENT,294,史,,,,
COMPONENT,295,右,,,,
COMPONENT,296,司,,,,
COMPONENT,297,叹,,,,
COMPONENT,298,各,,,,
COMPONENT,299,合,,,,
COMPONENT,300,吉,,,,
COMPONENT,301,吊,,,,
COMPONENT,302,同,,,,
COMPONENT,303,名,,,,
COMPONENT,304,君,,,,
COMPONENT,305,吾,,,,
COMPONENT,306,呂,,,,
COMPONENT,307,呆,,,,
COMPONENT,308,呉,,,,
COMPONENT,309,告,,,,
COMPONENT,310,呑,,,,
COMPONENT,311,周,,,,
COMPONENT,312,咅,,,,
COMPONENT,313,咼,,,,
COMPONENT,314,品,,,,
COMPONENT,315,員,,,,
COMPONENT,316,唐,,,,
COMPONENT,317,啇,,,,
COMPONENT,318,善,,,,
COMPONENT,319,喜,,,,
COMPONENT,320,喬,,,,
COMPONENT,321,喿,,,,
COMPONENT,322,囗,,,,
COMPONENT,323,回,,,,
COMPONENT,324,因,,,,
COMPONENT,325,囷,,,,
COMPONENT,326,固,,,,
COMPONENT,327,土,,,,
COMPONENT,328,圣,,,,
COMPONENT,329,圥,,,,
COMPONENT,330,圭,,,,
COMPONENT,331,坒,,,,
COMPONENT,332,坴,,,,
COMPONENT,333,垂,,,,
COMPONENT,334,垔,,,,
COMPONENT,335,執,,,,
COMPONENT,336,堇,,,,
COMPONENT,337,士,,,,
COMPONENT,338,壬,,,,
COMPONENT,339,壮,,,,
COMPONENT,340,声,,,,
COMPONENT,341,売,,,,
COMPONENT,342,壳,,,,
COMPONENT,343,夂,,,,
COMPONENT,344,夅,,,,
COMPONENT,345,夆,,,,
COMPONENT,346,夋,,,,
COMPONENT,347,夌,,,,
COMPONENT,348,复,,,,
COMPONENT,349,夕,,,,
COMPONENT,350,夗,,,,
COMPONENT,351,多,,,,
COMPONENT,352,大,,,,
COMPONENT,353,天,,,,
COMPONENT,354,太,,,,
COMPONENT,355,夫,,,,
COMPONENT,356,夬,,,,
COMPONENT,357,夭,,,,
COMPONENT,358,央,,,,
COMPONENT,359,失,,,,
COMPONENT,360,夸,,,,
COMPONENT,361,夹,,,,
COMPONENT,362,奇,,,,
COMPONENT,363,奈,,,,
COMPONENT,364,奉,,,,
COMPONENT,365,奐,,,,
COMPONENT,366,契,,,,
COMPONENT,367,女,,,,
COMPONENT,368,奴,,,,
COMPONENT,369,如,,,,
COMPONENT,370,妾,,,,
COMPONENT,371,委,,,,
COMPONENT,372,娄,,,,
COMPONENT,373,子,,,,
COMPONENT,374,孚,,,,
COMPONENT,375,孝,,,,
COMPONENT,376,孟,,,,
COMPONENT,377,孰,,,,
COMPONENT,378,宀,,,,
COMPONENT,379,宁,,,,
COMPONENT,380,它,,,,
COMPONENT,381,守,,,,
COMPONENT,382,安,,,,
COMPONENT,383,完,,,,
COMPONENT,384,宗,,,,
COMPONENT,385,官,,,,
COMPONENT,386,定,,,,
COMPONENT,387,宜,,,,
COMPONENT,388,客,,,,
COMPONENT,389,害,,,,
COMPONENT,390,家,,,,
COMPONENT,391,容,,,,
COMPONENT,392,宿,,,,
COMPONENT,393,寅,,,,
COMPONENT,394,寍,,,,
COMPONENT,395,察,,,,
COMPONENT,396,寸,,,,
COMPONENT,397,寺,,,,
COMPONENT,398,寽,,,,
COMPONENT,399,寿,,,,
COMPONENT,400,専,,,,
COMPONENT,401,尃,,,,
COMPONENT,402,射,,,,
COMPONENT,403,将,,,,
COMPONENT,404,尉,,,,
COMPONENT,405,尊,,,,
COMPONENT,406,尌,,,,
COMPONENT,407,小,,,,
COMPONENT,408,少,,,,
COMPONENT,409,尓,,,,
COMPONENT,410,尗,,,,
COMPONENT,411,尞,,,,
COMPONENT,412,尤,,,,
COMPONENT,413,尭,,,,
COMPONENT,414,尸,,,,
COMPONENT,415,尹,,,,
COMPONENT,416,尺,,,,
COMPONENT,417,尼,,,,
COMPONENT,418,居,,,,
COMPONENT,419,屈,,,,
COMPONENT,420,屋,,,,
COMPONENT,421,屏,,,,
COMPONENT,422,属,,,,
COMPONENT,423,屮,,,,
COMPONENT,424,屯,,,,
COMPONENT,425,屰,,,,
COMPONENT,426,山,,,,
COMPONENT,427,岡,,,,
COMPONENT,428,崔,,,,
COMPONENT,429,巛,,,,
COMPONENT,430,川,,,,
COMPONENT,431,州,,,,
COMPONENT,432,巟,,,,
COMPONENT,433,巠,,,,
COMPONENT,434,工,,,,
COMPONENT,435,左,,,,
COMPONENT,436,巨,,,,
COMPONENT,437,巩,,,,
COMPONENT,438,差,,,,
COMPONENT,439,己,,,,
COMPONENT,440,巳,,,,
COMPONENT,441,巴,,,,
COMPONENT,442,巸,,,,
COMPONENT,443,巻,,,,
COMPONENT,444,巽,,,,
COMPONENT,445,巾,,,,
COMPONENT,446,帀,,,,
COMPONENT,447,市,,,,
COMPONENT,448,布,,,,
COMPONENT,449,希,,,,
COMPONENT,450,帚,,,,
COMPONENT,451,帛,,,,
COMPONENT,452,帝,,,,
COMPONENT,453,帯,,,,
COMPONENT,454,干,,,,
COMPONENT,455,平,,,,
COMPONENT,456,幵,,,,
COMPONENT,457,幷,,,,
COMPONENT,458,幸,,,,
COMPONENT,459,幺,,,,
COMPONENT,460,幾,,,,
COMPONENT,461,广,,,,
COMPONENT,462,広,,,,
COMPONENT,463,府,,,,
COMPONENT,464,度,,,,
COMPONENT,465,庶,,,,
COMPONENT,466,廌,,,,
COMPONENT,467,廴,,,,
COMPONENT,468,延,,,,
COMPONENT,469,廷,,,,
COMPONENT,470,建,,,,
COMPONENT,471,廾,,,,
COMPONENT,472,廿,,,,
COMPONENT,473,开,,,,
COMPONENT,474,弋,,,,
COMPONENT,475,式,,,,
COMPONENT,476,弓,,,,
COMPONENT,477,弔,,,,
COMPONENT,478,弗,,,,
COMPONENT,479,弟,,,,
COMPONENT,480,彐,,,,
COMPONENT,481,彑,,,,
COMPONENT,482,录,,,,
COMPONENT,483,彗,,,,
COMPONENT,484,彡,,,,
COMPONENT,485,彦,,,,
COMPONENT,486,彭,,,,
COMPONENT,487,彳,,,,
COMPONENT,488,従,,,,
COMPONENT,489,復,,,,
COMPONENT,490,徴,,,,
COMPONENT,491,心,,,,
COMPONENT,492,忄,,,,
COMPONENT,493,必,,,,
COMPONENT,494,忍,,,,
COMPONENT,495,志,,,,
COMPONENT,496,忝,,,,
COMPONENT,497,忩,,,,
COMPONENT,498,念,,,,
COMPONENT,499,思,,,,
COMPONENT,500,恵,,,,
COMPONENT,501,愈,,,,
COMPONENT,502,意,,,,
COMPONENT,503,感,,,,
COMPONENT,504,戈,,,,
COMPONENT,505,戊,,,,
COMPONENT,506,戎,,,,
COMPONENT,507,成,,,,
COMPONENT,508,我,,,,
COMPONENT,509,或,,,,
COMPONENT,510,戸,,,,
COMPONENT,511,扁,,,,
COMPONENT,512,手,,,,
COMPONENT,513,扌,,,,
COMPONENT,514,才,,,,
COMPONENT,515,折,,,,
COMPONENT,516,挂,,,,
COMPONENT,517,支,,,,
COMPONENT,518,攵,,,,
COMPONENT,519,攸,,,,
COMPONENT,520,放,,,,
COMPONENT,521,敏,,,,
COMPONENT,522,敝,,,,
COMPONENT,523,敢,,,,
COMPONENT,524,敫,,,,
COMPONENT,525,敬,,,,
COMPONENT,526,文,,,,
COMPONENT,527,斉,,,,
COMPONENT,528,斗,,,,
COMPONENT,529,斤,,,,
COMPONENT,530,斥,,,,
COMPONENT,531,斬,,,,
COMPONENT,532,新,,,,
COMPONENT,533,方,,,,
COMPONENT,534,旁,,,,
COMPONENT,535,旉,,,,
COMPONENT,536,旡,,,,
COMPONENT,537,既,,,,
COMPONENT,538,日,,,,
COMPONENT,539,日小,,,,
COMPONENT,540,日罒,,,,
COMPONENT,541,旦,,,,
COMPONENT,542,旧,,,,
COMPONENT,543,旨,,,,
COMPONENT,544,早,,,,
COMPONENT,545,旬,,,,
COMPONENT,546,昌,,,,
COMPONENT,547,明,,,,
COMPONENT,548,昏,,,,
COMPONENT,549,昔,,,,
COMPONENT,550,昜,,,,
COMPONENT,551,春,,,,
COMPONENT,552,昭,,,,
COMPONENT,553,是,,,,
COMPONENT,554,昷,,,,
COMPONENT,555,显,,,,
COMPONENT,556,時,,,,
COMPONENT,557,晃,,,,
COMPONENT,558,景,,,,
COMPONENT,559,暴,,,,
COMPONENT,560,曲,,,,
COMPONENT,561,更,,,,
COMPONENT,562,曷,,,,
COMPONENT,563,曹,,,,
COMPONENT,564,曽,,,,
COMPONENT,565,替,,,,
COMPONENT,566,最,,,,
COMPONENT,567,月,,,,
COMPONENT,568,有,,,,
COMPONENT,569,朋,,,,
COMPONENT,570,朔,,,,
COMPONENT,571,朝,,,,
COMPONENT,572,木,,,,
COMPONENT,573,未,,,,
COMPONENT,574,末,,,,
COMPONENT,575,本,,,,
COMPONENT,576,朮,,,,
COMPONENT,577,朱,,,,
COMPONENT,578,朿,,,,
COMPONENT,579,杀,,,,
COMPONENT,580,杂,,,,
COMPONENT,581,村,,,,
COMPONENT,582,束,,,,
COMPONENT,583,東,,,,
COMPONENT,584,林,,,,
COMPONENT,585,果,,,,
COMPONENT,586,枼,,,,
COMPONENT,587,某,,,,
COMPONENT,588,桀,,,,
COMPONENT,589,桼,,,,
COMPONENT,590,楚,,,,
COMPONENT,591,楽,,,,
COMPONENT,592,欠,,,,
COMPONENT,593,次,,,,
COMPONENT,594,欶,,,,
COMPONENT,595,止,,,,
COMPONENT,596,正,,,,
COMPONENT,597,此,,,,
COMPONENT,598,武,,,,
COMPONENT,599,歩,,,,
COMPONENT,600,歯,,,,
COMPONENT,601,歹,,,,
COMPONENT,602,歺,,,,
COMPONENT,603,殳,,,,
COMPONENT,604,段,,,,
COMPONENT,605,殸,,,,
COMPONENT,606,毋,,,,
COMPONENT,607,毌,,,,
COMPONENT,608,毎,,,,
COMPONENT,609,比,,,,
COMPONENT,610,毛,,,,
COMPONENT,611,氏,,,,
COMPONENT,612,氐,,,,
COMPONENT,613,民,,,,
COMPONENT,614,气,,,,
COMPONENT,615,水,,,,
COMPONENT,616,氵,,,,
COMPONENT,617,永,,,,
COMPONENT,618,氺,,,,
COMPONENT,619,氿,,,,
COMPONENT,620,求,,,,
COMPONENT,621,江,,,,
COMPONENT,622,沓,,,,
COMPONENT,623,沙,,,,
COMPONENT,624,泉,,,,
COMPONENT,625,波,,,,
COMPONENT,626,洲,,,,
COMPONENT,627,涂,,,,
COMPONENT,628,溥,,,,
COMPONENT,629,滕,,,,
COMPONENT,630,潘,,,,
COMPONENT,631,火,,,,
COMPONENT,632,灬,,,,
COMPONENT,633,炎,,,,
COMPONENT,634,為,,,,
COMPONENT,635,烕,,,,
COMPONENT,636,焦,,,,
COMPONENT,637,然,,,,
COMPONENT,638,爫,,,,
COMPONENT,639,爰,,,,
COMPONENT,640,父,,,,
COMPONENT,641,片,,,,
COMPONENT,642,牙,,,,
COMPONENT,643,牛,,,,
COMPONENT,644,牟,,,,
COMPONENT,645,物,,,,
COMPONENT,646,犬,,,,
COMPONENT,647,犭,,,,
COMPONENT,648,玄,,,,
COMPONENT,649,玉,,,,
COMPONENT,650,王,,,,
COMPONENT,651,玨,,,,
COMPONENT,652,瓜,,,,
COMPONENT,653,瓦,,,,
COMPONENT,654,甘,,,,
COMPONENT,655,甚,,,,
COMPONENT,656,生,,,,
COMPONENT,657,用,,,,
COMPONENT,658,甫,,,,
COMPONENT,659,甬,,,,
COMPONENT,660,田,,,,
COMPONENT,661,由,,,,
COMPONENT,662,甲,,,,
COMPONENT,663,申,,,,
COMPONENT,664,电,,,,
COMPONENT,665,甶,,,,
COMPONENT,666,男,,,,
COMPONENT,667,畄,,,,
COMPONENT,668,界,,,,
COMPONENT,669,畐,,,,
COMPONENT,670,留,,,,
COMPONENT,671,畜,,,,
COMPONENT,672,番,,,,
COMPONENT,673,異,,,,
COMPONENT,674,疋,,,,
COMPONENT,675,疌,,,,
COMPONENT,676,疑,,,,
COMPONENT,677,疒,,,,
COMPONENT,678,癶,,,,
COMPONENT,679,発,,,,
COMPONENT,680,登,,,,
COMPONENT,681,白,,,,
COMPONENT,682,百,,,,
COMPONENT,683,皮,,,,
COMPONENT,684,皿,,,,
COMPONENT,685,監,,,,
COMPONENT,686,目,,,,
COMPONENT,687,直,,,,
COMPONENT,688,相,,,,
COMPONENT,689,盾,,,,
COMPONENT,690,県,,,,
COMPONENT,691,真,,,,
COMPONENT,692,睘,,,,
COMPONENT,693,睿,,,,
COMPONENT,694,矛,,,,
COMPONENT,695,矞,,,,
COMPONENT,696,矢,,,,
COMPONENT,697,知,,,,
COMPONENT,698,石,,,,
COMPONENT,699,示,,,,
COMPONENT,700,礻,,,,
COMPONENT,701,票,,,,
COMPONENT,702,祭,,,,
COMPONENT,703,禁,,,,
COMPONENT,704,禸,,,,
COMPONENT,705,禹,,,,
COMPONENT,706,禺,,,,
COMPONENT,707,离,,,,
COMPONENT,708,禾,,,,
COMPONENT,709,秀,,,,
COMPONENT,710,秋,,,,
COMPONENT,711,秦,,,,
COMPONENT,712,稟,,,,
COMPONENT,713,穴,,,,
COMPONENT,714,空,,,,
COMPONENT,715,窄,,,,
COMPONENT,716,立,,,,
COMPONENT,717,竜,,,,
COMPONENT,718,竞,,,,
COMPONENT,719,竟,,,,
COMPONENT,720,章,,,,
COMPONENT,721,童,,,,
COMPONENT,722,竹,,,,
COMPONENT,723,筑,,,,
COMPONENT,724,米,,,,
COMPONENT,725,类,,,,
COMPONENT,726,粦,,,,
COMPONENT,727,粲,,,,
COMPONENT,728,糸,,,,
COMPONENT,729,系,,,,
COMPONENT,730,維,,,,
COMPONENT,731,緑,,,,
COMPONENT,732,縣,,,,
COMPONENT,733,缶,,,,
COMPONENT,734,罒,,,,
COMPONENT,735,罔,,,,
COMPONENT,736,罙,,,,
COMPONENT,737,署,,,,
COMPONENT,738,羊,,,,
COMPONENT,739,美,,,,
COMPONENT,740,羔,,,,
COMPONENT,741,羕,,,,
COMPONENT,742,義,,,,
COMPONENT,743,羽,,,,
COMPONENT,744,耂,,,,
COMPONENT,745,考,,,,
COMPONENT,746,者,,,,
COMPONENT,747,而,,,,
COMPONENT,748,耑,,,,
COMPONENT,749,耒,,,,
COMPONENT,750,耳,,,,
COMPONENT,751,耶,,,,
COMPONENT,752,聿,,,,
COMPONENT,753,肀,,,,
COMPONENT,754,肉,,,,
COMPONENT,755,肋,,,,
COMPONENT,756,肖,,,,
COMPONENT,757,肙,,,,
COMPONENT,758,育,,,,
COMPONENT,759,胃,,,,
COMPONENT,760,胡,,,,
COMPONENT,761,胥,,,,
COMPONENT,762,能,,,,
COMPONENT,763,臣,,,,
COMPONENT,764,臤,,,,
COMPONENT,765,自,,,,
COMPONENT,766,至,,,,
COMPONENT,767,臼,,,,
COMPONENT,768,舃,,,,
COMPONENT,769,舌,,,,
COMPONENT,770,舎,,,,
COMPONENT,771,舛,,,,
COMPONENT,772,舜,,,,
COMPONENT,773,舟,,,,
COMPONENT,774,般,,,,
COMPONENT,775,艮,,,,
COMPONENT,776,良,,,,
COMPONENT,777,色,,,,
COMPONENT,778,艹,,,,
COMPONENT,779,艹日,,,,
COMPONENT,780,芻,,,,
COMPONENT,781,苗,,,,
COMPONENT,782,苟,,,,
COMPONENT,783,若,,,,
COMPONENT,784,英,,,,
COMPONENT,785,荅,,,,
COMPONENT,786,莫,,,,
COMPONENT,787,菐,,,,
COMPONENT,788,華,,,,
COMPONENT,789,董,,,,
COMPONENT,790,蒦,,,,
COMPONENT,791,蔵,,,,
COMPONENT,792,虍,,,,
COMPONENT,793,虎,,,,
COMPONENT,794,虚,,,,
COMPONENT,795,虫,,,,
COMPONENT,796,蜀,,,,
COMPONENT,797,血,,,,
COMPONENT,798,行,,,,
COMPONENT,799,衣,,,,
COMPONENT,800,衤,,,,
COMPONENT,801,表,,,,
COMPONENT,802,袁,,,,
COMPONENT,803,褱,,,,
COMPONENT,804,西,,,,
COMPONENT,805,覀,,,,
COMPONENT,806,要,,,,
COMPONENT,807,見,,,,
COMPONENT,808,規,,,,
COMPONENT,809,角,,,,
COMPONENT,810,言,,,,
COMPONENT,811,誊,,,,
COMPONENT,812,谷,,,,
COMPONENT,813,豆,,,,
COMPONENT,814,豈,,,,
COMPONENT,815,豊,,,,
COMPONENT,816,豕,,,,
COMPONENT,817,豙,,,,
COMPONENT,818,象,,,,
COMPONENT,819,豦,,,,
COMPONENT,820,豸,,,,
COMPONENT,821,貇,,,,
COMPONENT,822,貝,,,,
COMPONENT,823,貞,,,,
COMPONENT,824,責,,,,
COMPONENT,825,貴,,,,
COMPONENT,826,賁,,,,
COMPONENT,827,賞,,,,
COMPONENT,828,赤,,,,
COMPONENT,829,走,,,,
COMPONENT,830,足,,,,
COMPONENT,831,路,,,,
COMPONENT,832,身,,,,
COMPONENT,833,躬,,,,
COMPONENT,834,車,,,,
COMPONENT,835,軍,,,,
COMPONENT,836,辛,,,,
COMPONENT,837,辟,,,,
COMPONENT,838,辰,,,,
COMPONENT,839,農,,,,
COMPONENT,840,迶,,,,
COMPONENT,841,連,,,,
COMPONENT,842,道,,,,
COMPONENT,843,郎,,,,
COMPONENT,844,郷,,,,
COMPONENT,845,酉,,,,
COMPONENT,846,釆,,,,
COMPONENT,847,采,,,,
COMPONENT,848,里,,,,
COMPONENT,849,重,,,,
COMPONENT,850,量,,,,
COMPONENT,851,金,,,,
COMPONENT,852,長,,,,
COMPONENT,853,門,,,,
COMPONENT,854,閏,,,,
COMPONENT,855,間,,,,
COMPONENT,856,阝,,,,
COMPONENT,857,隊,,,,
COMPONENT,858,隶,,,,
COMPONENT,859,隹,,,,
COMPONENT,860,隺,,,,
COMPONENT,861,隻,,,,
COMPONENT,862,隽,,,,
COMPONENT,863,雇,,,,
COMPONENT,864,雍,,,,
COMPONENT,865,雨,,,,
COMPONENT,866,雲,,,,
COMPONENT,867,零,,,,
COMPONENT,868,需,,,,
COMPONENT,869,青,,,,
COMPONENT,870,非,,,,
COMPONENT,871,革,,,,
COMPONENT,872,韋,,,,
COMPONENT,873,韱,,,,
COMPONENT,874,音,,,,
COMPONENT,875,頁,,,,
COMPONENT,876,頃,,,,
COMPONENT,877,頼,,,,
COMPONENT,878,風,,,,
COMPONENT,879,飞,,,,
COMPONENT,880,食,,,,
COMPONENT,881,飠,,,,
COMPONENT,882,首,,,,
COMPONENT,883,香,,,,
COMPONENT,884,馬,,,,
COMPONENT,885,駦,,,,
COMPONENT,886,骨,,,,
COMPONENT,887,高,,,,
COMPONENT,888,鬲,,,,
COMPONENT,889,鬼,,,,
COMPONENT,890,魚,,,,
COMPONENT,891,鳥,,,,
COMPONENT,892,鹿,,,,
COMPONENT,893,麻,,,,
COMPONENT,894,黄,,,,
COMPONENT,895,黒,,,,
COMPONENT,896,鼡,,,,
COMPONENT,897,龍,,,,
COMPONENT,898,龰,,,,
COMPONENT,899,龵,,,,
COMPONENT,900,龶,,,,
COMPONENT,901,龷,,,,
COMPONENT,902,龸,,,,
COMPONENT,903,龹,,,,
COMPONENT,904,龺,,,,
COMPONENT,905,辶,,,,
COMPONENT,906,｜,,,,
COMPONENT,907,𠂉,,,,
COMPONENT,908,𠃌,,,,
COMPONENT,909,𠆢,,,,
COMPONENT,910,𠬝,,,,
COMPONENT,911,𠮷,,,,
COMPONENT,912,𡗗,,,,
COMPONENT,913,𦰩,,,,
