PK,SK,character,name,en,vi,EntityType
COMPONENT,1,┌,,,,Component
COMPONENT,2,┣,,,,Component
COMPONENT,3,┬,,,,Component
COMPONENT,4,┴,,,,Component
COMPONENT,5,⺀,,,,Component
COMPONENT,6,⺁,,,,Component
COMPONENT,7,⺄,,,,Component
COMPONENT,8,⺆,,,,Component
COMPONENT,9,⺉,,,,Component
COMPONENT,10,⺌,,,,Component
COMPONENT,11,⺍,,,,Component
COMPONENT,12,⺍冖,,,,Component
COMPONENT,13,⺤,,,,Component
COMPONENT,14,⺧,,,,Component
COMPONENT,15,⺷,,,,Component
COMPONENT,16,⺽,,,,Component
COMPONENT,17,く,,,,Component
COMPONENT,18,イ,,,,Component
COMPONENT,19,エ,,,,Component
COMPONENT,20,ク,,,,Component
COMPONENT,21,サ,,,,Component
COMPONENT,22,タ,,,,Component
COMPONENT,23,ツ,,,,Component
COMPONENT,24,ツ厂,,,,Component
COMPONENT,25,ツ寸,,,,Component
COMPONENT,26,ト,,,,Component
COMPONENT,27,ナ,,,,Component
COMPONENT,28,ニ,,,,Component
COMPONENT,29,ヌ,,,,Component
COMPONENT,30,ノ,,,,Component
COMPONENT,31,ヒ,,,,Component
COMPONENT,32,フ,,,,Component
COMPONENT,33,ホ,,,,Component
COMPONENT,34,マ,,,,Component
COMPONENT,35,ム,,,,Component
COMPONENT,36,メ,,,,Component
COMPONENT,37,ユ,,,,Component
COMPONENT,38,ヨ,,,,Component
COMPONENT,39,ヨ冖又,,,,Component
COMPONENT,40,ラ,,,,Component
COMPONENT,41,リ,,,,Component
COMPONENT,42,㐄,,,,Component
COMPONENT,43,㐅,,,,Component
COMPONENT,44,㐫,,,,Component
COMPONENT,45,㐬,,,,Component
COMPONENT,46,㐮,,,,Component
COMPONENT,47,㐱,,,,Component
COMPONENT,48,㑒,,,,Component
COMPONENT,49,㓞,,,,Component
COMPONENT,50,㔾,,,,Component
COMPONENT,51,㕣,,,,Component
COMPONENT,52,㚅,,,,Component
COMPONENT,53,㚘,,,,Component
COMPONENT,54,㞋,,,,Component
COMPONENT,55,㠯,,,,Component
COMPONENT,56,㣺,,,,Component
COMPONENT,57,㥑,,,,Component
COMPONENT,58,㥯,,,,Component
COMPONENT,59,㦮,,,,Component
COMPONENT,60,㳟,,,,Component
COMPONENT,61,㸚,,,,Component
COMPONENT,62,䒑,,,,Component
COMPONENT,63,䦨,,,,Component
COMPONENT,64,䩗,,,,Component
COMPONENT,65,一,,,,Component
COMPONENT,66,一ム,,,,Component
COMPONENT,67,丁,,,,Component
COMPONENT,68,丂,,,,Component
COMPONENT,69,七,,,,Component
COMPONENT,70,丆,,,,Component
COMPONENT,71,万,,,,Component
COMPONENT,72,三,,,,Component
COMPONENT,73,三人,,,,Component
COMPONENT,74,上,,,,Component
COMPONENT,75,下,,,,Component
COMPONENT,76,不,,,,Component
COMPONENT,77,且,,,,Component
COMPONENT,78,世,,,,Component
COMPONENT,79,丗,,,,Component
COMPONENT,80,丘,,,,Component
COMPONENT,81,丙,,,,Component
COMPONENT,82,业,,,,Component
COMPONENT,83,丞,,,,Component
COMPONENT,84,両,,,,Component
COMPONENT,85,並,,,,Component
COMPONENT,86,丨,,,,Component
COMPONENT,87,丩,,,,Component
COMPONENT,88,丬,,,,Component
COMPONENT,89,中,,,,Component
COMPONENT,90,丰,,,,Component
COMPONENT,91,串,,,,Component
COMPONENT,92,丶,,,,Component
COMPONENT,93,丷,,,,Component
COMPONENT,94,丸,,,,Component
COMPONENT,95,丹,,,,Component
COMPONENT,96,主,,,,Component
COMPONENT,97,丿丨,,,,Component
COMPONENT,98,乂,,,,Component
COMPONENT,99,乃,,,,Component
COMPONENT,100,久,,,,Component
COMPONENT,101,乇,,,,Component
COMPONENT,102,之,,,,Component
COMPONENT,103,乍,,,,Component
COMPONENT,104,乎,,,,Component
COMPONENT,105,乑,,,,Component
COMPONENT,106,乗,,,,Component
COMPONENT,107,乙,,,,Component
COMPONENT,108,乚,,,,Component
COMPONENT,109,九,,,,Component
COMPONENT,110,乞,,,,Component
COMPONENT,111,也,,,,Component
COMPONENT,112,乡,,,,Component
COMPONENT,113,亅,,,,Component
COMPONENT,114,了,,,,Component
COMPONENT,115,予,,,,Component
COMPONENT,116,争,,,,Component
COMPONENT,117,二,,,,Component
COMPONENT,118,亍,,,,Component
COMPONENT,119,于,,,,Component
COMPONENT,120,云,,,,Component
COMPONENT,121,五,,,,Component
COMPONENT,122,井,,,,Component
COMPONENT,123,亘,,,,Component
COMPONENT,124,亚,,,,Component
COMPONENT,125,亜,,,,Component
COMPONENT,126,亟,,,,Component
COMPONENT,127,亠,,,,Component
COMPONENT,128,亠ム,,,,Component
COMPONENT,129,亠口,,,,Component
COMPONENT,130,亡,,,,Component
COMPONENT,131,亢,,,,Component
COMPONENT,132,交,,,,Component
COMPONENT,133,亥,,,,Component
COMPONENT,134,亦,,,,Component
COMPONENT,135,产,,,,Component
COMPONENT,136,亨,,,,Component
COMPONENT,137,亩,,,,Component
COMPONENT,138,享,,,,Component
COMPONENT,139,京,,,,Component
COMPONENT,140,亭,,,,Component
COMPONENT,141,亲,,,,Component
COMPONENT,142,亶,,,,Component
COMPONENT,143,人,,,,Component
COMPONENT,144,亻,,,,Component
COMPONENT,145,今,,,,Component
COMPONENT,146,介,,,,Component
COMPONENT,147,从,,,,Component
COMPONENT,148,仒,,,,Component
COMPONENT,149,付,,,,Component
COMPONENT,150,代,,,,Component
COMPONENT,151,令,,,,Component
COMPONENT,152,以,,,,Component
COMPONENT,153,任,,,,Component
COMPONENT,154,伐,,,,Component
COMPONENT,155,会,,,,Component
COMPONENT,156,何,,,,Component
COMPONENT,157,余,,,,Component
COMPONENT,158,佰,,,,Component
COMPONENT,159,侌,,,,Component
COMPONENT,160,侖,,,,Component
COMPONENT,161,保,,,,Component
COMPONENT,162,俞,,,,Component
COMPONENT,163,倉,,,,Component
COMPONENT,164,儿,,,,Component
COMPONENT,165,兀,,,,Component
COMPONENT,166,允,,,,Component
COMPONENT,167,元,,,,Component
COMPONENT,168,兄,,,,Component
COMPONENT,169,充,,,,Component
COMPONENT,170,兆,,,,Component
COMPONENT,171,先,,,,Component
COMPONENT,172,光,,,,Component
COMPONENT,173,免,,,,Component
COMPONENT,174,兑,,,,Component
COMPONENT,175,入,,,,Component
COMPONENT,176,全,,,,Component
COMPONENT,177,八,,,,Component
COMPONENT,178,公,,,,Component
COMPONENT,179,六,,,,Component
COMPONENT,180,共,,,,Component
COMPONENT,181,关,,,,Component
COMPONENT,182,兴,,,,Component
COMPONENT,183,兵,,,,Component
COMPONENT,184,其,,,,Component
COMPONENT,185,具,,,,Component
COMPONENT,186,兹,,,,Component
COMPONENT,187,兼,,,,Component
COMPONENT,188,冂,,,,Component
COMPONENT,189,冂儿,,,,Component
COMPONENT,190,内,,,,Component
COMPONENT,191,冉,,,,Component
COMPONENT,192,冊,,,,Component
COMPONENT,193,冋,,,,Component
COMPONENT,194,再,,,,Component
COMPONENT,195,冎,,,,Component
COMPONENT,196,冏,,,,Component
COMPONENT,197,冒,,,,Component
COMPONENT,198,冓,,,,Component
COMPONENT,199,冖,,,,Component
COMPONENT,200,冗,,,,Component
COMPONENT,201,冘,,,,Component
COMPONENT,202,冫,,,,Component
COMPONENT,203,冬,,,,Component
COMPONENT,204,准,,,,Component
COMPONENT,205,几,,,,Component
COMPONENT,206,凡,,,,Component
COMPONENT,207,処,,,,Component
COMPONENT,208,凵,,,,Component
COMPONENT,209,凶,,,,Component
COMPONENT,210,出,,,,Component
COMPONENT,211,刀,,,,Component
COMPONENT,212,刂,,,,Component
COMPONENT,213,刃,,,,Component
COMPONENT,214,分,,,,Component
COMPONENT,215,切,,,,Component
COMPONENT,216,刑,,,,Component
COMPONENT,217,列,,,,Component
COMPONENT,218,利,,,,Component
COMPONENT,219,制,,,,Component
COMPONENT,220,則,,,,Component
COMPONENT,221,力,,,,Component
COMPONENT,222,加,,,,Component
COMPONENT,223,务,,,,Component
COMPONENT,224,劦,,,,Component
COMPONENT,225,勇,,,,Component
COMPONENT,226,動,,,,Component
COMPONENT,227,務,,,,Component
COMPONENT,228,勹,,,,Component
COMPONENT,229,勺,,,,Component
COMPONENT,230,勿,,,,Component
COMPONENT,231,匀,,,,Component
COMPONENT,232,匂,,,,Component
COMPONENT,233,包,,,,Component
COMPONENT,234,匈,,,,Component
COMPONENT,235,匊,,,,Component
COMPONENT,236,匋,,,,Component
COMPONENT,237,匕,,,,Component
COMPONENT,238,化,,,,Component
COMPONENT,239,北,,,,Component
COMPONENT,240,匚,,,,Component
COMPONENT,241,区,,,,Component
COMPONENT,242,十,,,,Component
COMPONENT,243,十艹,,,,Component
COMPONENT,244,卂,,,,Component
COMPONENT,245,千,,,,Component
COMPONENT,246,卄,,,,Component
COMPONENT,247,卆,,,,Component
COMPONENT,248,升,,,,Component
COMPONENT,249,午,,,,Component
COMPONENT,250,卉,,,,Component
COMPONENT,251,半,,,,Component
COMPONENT,252,卑,,,,Component
COMPONENT,253,卒,,,,Component
COMPONENT,254,卓,,,,Component
COMPONENT,255,南,,,,Component
COMPONENT,256,単,,,,Component
COMPONENT,257,卜,,,,Component
COMPONENT,258,占,,,,Component
COMPONENT,259,卦,,,,Component
COMPONENT,260,卩,,,,Component
COMPONENT,261,卬,,,,Component
COMPONENT,262,卯,,,,Component
COMPONENT,263,即,,,,Component
COMPONENT,264,却,,,,Component
COMPONENT,265,卸,,,,Component
COMPONENT,266,厂,,,,Component
COMPONENT,267,厃,,,,Component
COMPONENT,268,厓,,,,Component
COMPONENT,269,原,,,,Component
COMPONENT,270,厳,,,,Component
COMPONENT,271,厶,,,,Component
COMPONENT,272,厷,,,,Component
COMPONENT,273,去,,,,Component
COMPONENT,274,参,,,,Component
COMPONENT,275,又,,,,Component
COMPONENT,276,及,,,,Component
COMPONENT,277,友,,,,Component
COMPONENT,278,双,,,,Component
COMPONENT,279,反,,,,Component
COMPONENT,280,叒,,,,Component
COMPONENT,281,叔,,,,Component
COMPONENT,282,取,,,,Component
COMPONENT,283,受,,,,Component
COMPONENT,284,叚,,,,Component
COMPONENT,285,口,,,,Component
COMPONENT,286,口口,,,,Component
COMPONENT,287,古,,,,Component
COMPONENT,288,句,,,,Component
COMPONENT,289,叧,,,,Component
COMPONENT,290,叩,,,,Component
COMPONENT,291,召,,,,Component
COMPONENT,292,可,,,,Component
COMPONENT,293,台,,,,Component
COMPONENT,294,史,,,,Component
COMPONENT,295,右,,,,Component
COMPONENT,296,司,,,,Component
COMPONENT,297,叹,,,,Component
COMPONENT,298,各,,,,Component
COMPONENT,299,合,,,,Component
COMPONENT,300,吉,,,,Component
COMPONENT,301,吊,,,,Component
COMPONENT,302,同,,,,Component
COMPONENT,303,名,,,,Component
COMPONENT,304,君,,,,Component
COMPONENT,305,吾,,,,Component
COMPONENT,306,呂,,,,Component
COMPONENT,307,呆,,,,Component
COMPONENT,308,呉,,,,Component
COMPONENT,309,告,,,,Component
COMPONENT,310,呑,,,,Component
COMPONENT,311,周,,,,Component
COMPONENT,312,咅,,,,Component
COMPONENT,313,咼,,,,Component
COMPONENT,314,品,,,,Component
COMPONENT,315,員,,,,Component
COMPONENT,316,唐,,,,Component
COMPONENT,317,啇,,,,Component
COMPONENT,318,善,,,,Component
COMPONENT,319,喜,,,,Component
COMPONENT,320,喬,,,,Component
COMPONENT,321,喿,,,,Component
COMPONENT,322,囗,,,,Component
COMPONENT,323,回,,,,Component
COMPONENT,324,因,,,,Component
COMPONENT,325,囷,,,,Component
COMPONENT,326,固,,,,Component
COMPONENT,327,土,,,,Component
COMPONENT,328,圣,,,,Component
COMPONENT,329,圥,,,,Component
COMPONENT,330,圭,,,,Component
COMPONENT,331,坒,,,,Component
COMPONENT,332,坴,,,,Component
COMPONENT,333,垂,,,,Component
COMPONENT,334,垔,,,,Component
COMPONENT,335,執,,,,Component
COMPONENT,336,堇,,,,Component
COMPONENT,337,士,,,,Component
COMPONENT,338,壬,,,,Component
COMPONENT,339,壮,,,,Component
COMPONENT,340,声,,,,Component
COMPONENT,341,売,,,,Component
COMPONENT,342,壳,,,,Component
COMPONENT,343,夂,,,,Component
COMPONENT,344,夅,,,,Component
COMPONENT,345,夆,,,,Component
COMPONENT,346,夋,,,,Component
COMPONENT,347,夌,,,,Component
COMPONENT,348,复,,,,Component
COMPONENT,349,夕,,,,Component
COMPONENT,350,夗,,,,Component
COMPONENT,351,多,,,,Component
COMPONENT,352,大,,,,Component
COMPONENT,353,天,,,,Component
COMPONENT,354,太,,,,Component
COMPONENT,355,夫,,,,Component
COMPONENT,356,夬,,,,Component
COMPONENT,357,夭,,,,Component
COMPONENT,358,央,,,,Component
COMPONENT,359,失,,,,Component
COMPONENT,360,夸,,,,Component
COMPONENT,361,夹,,,,Component
COMPONENT,362,奇,,,,Component
COMPONENT,363,奈,,,,Component
COMPONENT,364,奉,,,,Component
COMPONENT,365,奐,,,,Component
COMPONENT,366,契,,,,Component
COMPONENT,367,女,,,,Component
COMPONENT,368,奴,,,,Component
COMPONENT,369,如,,,,Component
COMPONENT,370,妾,,,,Component
COMPONENT,371,委,,,,Component
COMPONENT,372,娄,,,,Component
COMPONENT,373,子,,,,Component
COMPONENT,374,孚,,,,Component
COMPONENT,375,孝,,,,Component
COMPONENT,376,孟,,,,Component
COMPONENT,377,孰,,,,Component
COMPONENT,378,宀,,,,Component
COMPONENT,379,宁,,,,Component
COMPONENT,380,它,,,,Component
COMPONENT,381,守,,,,Component
COMPONENT,382,安,,,,Component
COMPONENT,383,完,,,,Component
COMPONENT,384,宗,,,,Component
COMPONENT,385,官,,,,Component
COMPONENT,386,定,,,,Component
COMPONENT,387,宜,,,,Component
COMPONENT,388,客,,,,Component
COMPONENT,389,害,,,,Component
COMPONENT,390,家,,,,Component
COMPONENT,391,容,,,,Component
COMPONENT,392,宿,,,,Component
COMPONENT,393,寅,,,,Component
COMPONENT,394,寍,,,,Component
COMPONENT,395,察,,,,Component
COMPONENT,396,寸,,,,Component
COMPONENT,397,寺,,,,Component
COMPONENT,398,寽,,,,Component
COMPONENT,399,寿,,,,Component
COMPONENT,400,専,,,,Component
COMPONENT,401,尃,,,,Component
COMPONENT,402,射,,,,Component
COMPONENT,403,将,,,,Component
COMPONENT,404,尉,,,,Component
COMPONENT,405,尊,,,,Component
COMPONENT,406,尌,,,,Component
COMPONENT,407,小,,,,Component
COMPONENT,408,少,,,,Component
COMPONENT,409,尓,,,,Component
COMPONENT,410,尗,,,,Component
COMPONENT,411,尞,,,,Component
COMPONENT,412,尤,,,,Component
COMPONENT,413,尭,,,,Component
COMPONENT,414,尸,,,,Component
COMPONENT,415,尹,,,,Component
COMPONENT,416,尺,,,,Component
COMPONENT,417,尼,,,,Component
COMPONENT,418,居,,,,Component
COMPONENT,419,屈,,,,Component
COMPONENT,420,屋,,,,Component
COMPONENT,421,屏,,,,Component
COMPONENT,422,属,,,,Component
COMPONENT,423,屮,,,,Component
COMPONENT,424,屯,,,,Component
COMPONENT,425,屰,,,,Component
COMPONENT,426,山,,,,Component
COMPONENT,427,岡,,,,Component
COMPONENT,428,崔,,,,Component
COMPONENT,429,巛,,,,Component
COMPONENT,430,川,,,,Component
COMPONENT,431,州,,,,Component
COMPONENT,432,巟,,,,Component
COMPONENT,433,巠,,,,Component
COMPONENT,434,工,,,,Component
COMPONENT,435,左,,,,Component
COMPONENT,436,巨,,,,Component
COMPONENT,437,巩,,,,Component
COMPONENT,438,差,,,,Component
COMPONENT,439,己,,,,Component
COMPONENT,440,巳,,,,Component
COMPONENT,441,巴,,,,Component
COMPONENT,442,巸,,,,Component
COMPONENT,443,巻,,,,Component
COMPONENT,444,巽,,,,Component
COMPONENT,445,巾,,,,Component
COMPONENT,446,帀,,,,Component
COMPONENT,447,市,,,,Component
COMPONENT,448,布,,,,Component
COMPONENT,449,希,,,,Component
COMPONENT,450,帚,,,,Component
COMPONENT,451,帛,,,,Component
COMPONENT,452,帝,,,,Component
COMPONENT,453,帯,,,,Component
COMPONENT,454,干,,,,Component
COMPONENT,455,平,,,,Component
COMPONENT,456,幵,,,,Component
COMPONENT,457,幷,,,,Component
COMPONENT,458,幸,,,,Component
COMPONENT,459,幺,,,,Component
COMPONENT,460,幾,,,,Component
COMPONENT,461,广,,,,Component
COMPONENT,462,広,,,,Component
COMPONENT,463,府,,,,Component
COMPONENT,464,度,,,,Component
COMPONENT,465,庶,,,,Component
COMPONENT,466,廌,,,,Component
COMPONENT,467,廴,,,,Component
COMPONENT,468,延,,,,Component
COMPONENT,469,廷,,,,Component
COMPONENT,470,建,,,,Component
COMPONENT,471,廾,,,,Component
COMPONENT,472,廿,,,,Component
COMPONENT,473,开,,,,Component
COMPONENT,474,弋,,,,Component
COMPONENT,475,式,,,,Component
COMPONENT,476,弓,,,,Component
COMPONENT,477,弔,,,,Component
COMPONENT,478,弗,,,,Component
COMPONENT,479,弟,,,,Component
COMPONENT,480,彐,,,,Component
COMPONENT,481,彑,,,,Component
COMPONENT,482,录,,,,Component
COMPONENT,483,彗,,,,Component
COMPONENT,484,彡,,,,Component
COMPONENT,485,彦,,,,Component
COMPONENT,486,彭,,,,Component
COMPONENT,487,彳,,,,Component
COMPONENT,488,従,,,,Component
COMPONENT,489,復,,,,Component
COMPONENT,490,徴,,,,Component
COMPONENT,491,心,,,,Component
COMPONENT,492,忄,,,,Component
COMPONENT,493,必,,,,Component
COMPONENT,494,忍,,,,Component
COMPONENT,495,志,,,,Component
COMPONENT,496,忝,,,,Component
COMPONENT,497,忩,,,,Component
COMPONENT,498,念,,,,Component
COMPONENT,499,思,,,,Component
COMPONENT,500,恵,,,,Component
COMPONENT,501,愈,,,,Component
COMPONENT,502,意,,,,Component
COMPONENT,503,感,,,,Component
COMPONENT,504,戈,,,,Component
COMPONENT,505,戊,,,,Component
COMPONENT,506,戎,,,,Component
COMPONENT,507,成,,,,Component
COMPONENT,508,我,,,,Component
COMPONENT,509,或,,,,Component
COMPONENT,510,戸,,,,Component
COMPONENT,511,扁,,,,Component
COMPONENT,512,手,,,,Component
COMPONENT,513,扌,,,,Component
COMPONENT,514,才,,,,Component
COMPONENT,515,折,,,,Component
COMPONENT,516,挂,,,,Component
COMPONENT,517,支,,,,Component
COMPONENT,518,攵,,,,Component
COMPONENT,519,攸,,,,Component
COMPONENT,520,放,,,,Component
COMPONENT,521,敏,,,,Component
COMPONENT,522,敝,,,,Component
COMPONENT,523,敢,,,,Component
COMPONENT,524,敫,,,,Component
COMPONENT,525,敬,,,,Component
COMPONENT,526,文,,,,Component
COMPONENT,527,斉,,,,Component
COMPONENT,528,斗,,,,Component
COMPONENT,529,斤,,,,Component
COMPONENT,530,斥,,,,Component
COMPONENT,531,斬,,,,Component
COMPONENT,532,新,,,,Component
COMPONENT,533,方,,,,Component
COMPONENT,534,旁,,,,Component
COMPONENT,535,旉,,,,Component
COMPONENT,536,旡,,,,Component
COMPONENT,537,既,,,,Component
COMPONENT,538,日,,,,Component
COMPONENT,539,日小,,,,Component
COMPONENT,540,日罒,,,,Component
COMPONENT,541,旦,,,,Component
COMPONENT,542,旧,,,,Component
COMPONENT,543,旨,,,,Component
COMPONENT,544,早,,,,Component
COMPONENT,545,旬,,,,Component
COMPONENT,546,昌,,,,Component
COMPONENT,547,明,,,,Component
COMPONENT,548,昏,,,,Component
COMPONENT,549,昔,,,,Component
COMPONENT,550,昜,,,,Component
COMPONENT,551,春,,,,Component
COMPONENT,552,昭,,,,Component
COMPONENT,553,是,,,,Component
COMPONENT,554,昷,,,,Component
COMPONENT,555,显,,,,Component
COMPONENT,556,時,,,,Component
COMPONENT,557,晃,,,,Component
COMPONENT,558,景,,,,Component
COMPONENT,559,暴,,,,Component
COMPONENT,560,曲,,,,Component
COMPONENT,561,更,,,,Component
COMPONENT,562,曷,,,,Component
COMPONENT,563,曹,,,,Component
COMPONENT,564,曽,,,,Component
COMPONENT,565,替,,,,Component
COMPONENT,566,最,,,,Component
COMPONENT,567,月,,,,Component
COMPONENT,568,有,,,,Component
COMPONENT,569,朋,,,,Component
COMPONENT,570,朔,,,,Component
COMPONENT,571,朝,,,,Component
COMPONENT,572,木,,,,Component
COMPONENT,573,未,,,,Component
COMPONENT,574,末,,,,Component
COMPONENT,575,本,,,,Component
COMPONENT,576,朮,,,,Component
COMPONENT,577,朱,,,,Component
COMPONENT,578,朿,,,,Component
COMPONENT,579,杀,,,,Component
COMPONENT,580,杂,,,,Component
COMPONENT,581,村,,,,Component
COMPONENT,582,束,,,,Component
COMPONENT,583,東,,,,Component
COMPONENT,584,林,,,,Component
COMPONENT,585,果,,,,Component
COMPONENT,586,枼,,,,Component
COMPONENT,587,某,,,,Component
COMPONENT,588,桀,,,,Component
COMPONENT,589,桼,,,,Component
COMPONENT,590,楚,,,,Component
COMPONENT,591,楽,,,,Component
COMPONENT,592,欠,,,,Component
COMPONENT,593,次,,,,Component
COMPONENT,594,欶,,,,Component
COMPONENT,595,止,,,,Component
COMPONENT,596,正,,,,Component
COMPONENT,597,此,,,,Component
COMPONENT,598,武,,,,Component
COMPONENT,599,歩,,,,Component
COMPONENT,600,歯,,,,Component
COMPONENT,601,歹,,,,Component
COMPONENT,602,歺,,,,Component
COMPONENT,603,殳,,,,Component
COMPONENT,604,段,,,,Component
COMPONENT,605,殸,,,,Component
COMPONENT,606,毋,,,,Component
COMPONENT,607,毌,,,,Component
COMPONENT,608,毎,,,,Component
COMPONENT,609,比,,,,Component
COMPONENT,610,毛,,,,Component
COMPONENT,611,氏,,,,Component
COMPONENT,612,氐,,,,Component
COMPONENT,613,民,,,,Component
COMPONENT,614,气,,,,Component
COMPONENT,615,水,,,,Component
COMPONENT,616,氵,,,,Component
COMPONENT,617,永,,,,Component
COMPONENT,618,氺,,,,Component
COMPONENT,619,氿,,,,Component
COMPONENT,620,求,,,,Component
COMPONENT,621,江,,,,Component
COMPONENT,622,沓,,,,Component
COMPONENT,623,沙,,,,Component
COMPONENT,624,泉,,,,Component
COMPONENT,625,波,,,,Component
COMPONENT,626,洲,,,,Component
COMPONENT,627,涂,,,,Component
COMPONENT,628,溥,,,,Component
COMPONENT,629,滕,,,,Component
COMPONENT,630,潘,,,,Component
COMPONENT,631,火,,,,Component
COMPONENT,632,灬,,,,Component
COMPONENT,633,炎,,,,Component
COMPONENT,634,為,,,,Component
COMPONENT,635,烕,,,,Component
COMPONENT,636,焦,,,,Component
COMPONENT,637,然,,,,Component
COMPONENT,638,爫,,,,Component
COMPONENT,639,爰,,,,Component
COMPONENT,640,父,,,,Component
COMPONENT,641,片,,,,Component
COMPONENT,642,牙,,,,Component
COMPONENT,643,牛,,,,Component
COMPONENT,644,牟,,,,Component
COMPONENT,645,物,,,,Component
COMPONENT,646,犬,,,,Component
COMPONENT,647,犭,,,,Component
COMPONENT,648,玄,,,,Component
COMPONENT,649,玉,,,,Component
COMPONENT,650,王,,,,Component
COMPONENT,651,玨,,,,Component
COMPONENT,652,瓜,,,,Component
COMPONENT,653,瓦,,,,Component
COMPONENT,654,甘,,,,Component
COMPONENT,655,甚,,,,Component
COMPONENT,656,生,,,,Component
COMPONENT,657,用,,,,Component
COMPONENT,658,甫,,,,Component
COMPONENT,659,甬,,,,Component
COMPONENT,660,田,,,,Component
COMPONENT,661,由,,,,Component
COMPONENT,662,甲,,,,Component
COMPONENT,663,申,,,,Component
COMPONENT,664,电,,,,Component
COMPONENT,665,甶,,,,Component
COMPONENT,666,男,,,,Component
COMPONENT,667,畄,,,,Component
COMPONENT,668,界,,,,Component
COMPONENT,669,畐,,,,Component
COMPONENT,670,留,,,,Component
COMPONENT,671,畜,,,,Component
COMPONENT,672,番,,,,Component
COMPONENT,673,異,,,,Component
COMPONENT,674,疋,,,,Component
COMPONENT,675,疌,,,,Component
COMPONENT,676,疑,,,,Component
COMPONENT,677,疒,,,,Component
COMPONENT,678,癶,,,,Component
COMPONENT,679,発,,,,Component
COMPONENT,680,登,,,,Component
COMPONENT,681,白,,,,Component
COMPONENT,682,百,,,,Component
COMPONENT,683,皮,,,,Component
COMPONENT,684,皿,,,,Component
COMPONENT,685,監,,,,Component
COMPONENT,686,目,,,,Component
COMPONENT,687,直,,,,Component
COMPONENT,688,相,,,,Component
COMPONENT,689,盾,,,,Component
COMPONENT,690,県,,,,Component
COMPONENT,691,真,,,,Component
COMPONENT,692,睘,,,,Component
COMPONENT,693,睿,,,,Component
COMPONENT,694,矛,,,,Component
COMPONENT,695,矞,,,,Component
COMPONENT,696,矢,,,,Component
COMPONENT,697,知,,,,Component
COMPONENT,698,石,,,,Component
COMPONENT,699,示,,,,Component
COMPONENT,700,礻,,,,Component
COMPONENT,701,票,,,,Component
COMPONENT,702,祭,,,,Component
COMPONENT,703,禁,,,,Component
COMPONENT,704,禸,,,,Component
COMPONENT,705,禹,,,,Component
COMPONENT,706,禺,,,,Component
COMPONENT,707,离,,,,Component
COMPONENT,708,禾,,,,Component
COMPONENT,709,秀,,,,Component
COMPONENT,710,秋,,,,Component
COMPONENT,711,秦,,,,Component
COMPONENT,712,稟,,,,Component
COMPONENT,713,穴,,,,Component
COMPONENT,714,空,,,,Component
COMPONENT,715,窄,,,,Component
COMPONENT,716,立,,,,Component
COMPONENT,717,竜,,,,Component
COMPONENT,718,竞,,,,Component
COMPONENT,719,竟,,,,Component
COMPONENT,720,章,,,,Component
COMPONENT,721,童,,,,Component
COMPONENT,722,竹,,,,Component
COMPONENT,723,筑,,,,Component
COMPONENT,724,米,,,,Component
COMPONENT,725,类,,,,Component
COMPONENT,726,粦,,,,Component
COMPONENT,727,粲,,,,Component
COMPONENT,728,糸,,,,Component
COMPONENT,729,系,,,,Component
COMPONENT,730,維,,,,Component
COMPONENT,731,緑,,,,Component
COMPONENT,732,縣,,,,Component
COMPONENT,733,缶,,,,Component
COMPONENT,734,罒,,,,Component
COMPONENT,735,罔,,,,Component
COMPONENT,736,罙,,,,Component
COMPONENT,737,署,,,,Component
COMPONENT,738,羊,,,,Component
COMPONENT,739,美,,,,Component
COMPONENT,740,羔,,,,Component
COMPONENT,741,羕,,,,Component
COMPONENT,742,義,,,,Component
COMPONENT,743,羽,,,,Component
COMPONENT,744,耂,,,,Component
COMPONENT,745,考,,,,Component
COMPONENT,746,者,,,,Component
COMPONENT,747,而,,,,Component
COMPONENT,748,耑,,,,Component
COMPONENT,749,耒,,,,Component
COMPONENT,750,耳,,,,Component
COMPONENT,751,耶,,,,Component
COMPONENT,752,聿,,,,Component
COMPONENT,753,肀,,,,Component
COMPONENT,754,肉,,,,Component
COMPONENT,755,肋,,,,Component
COMPONENT,756,肖,,,,Component
COMPONENT,757,肙,,,,Component
COMPONENT,758,育,,,,Component
COMPONENT,759,胃,,,,Component
COMPONENT,760,胡,,,,Component
COMPONENT,761,胥,,,,Component
COMPONENT,762,能,,,,Component
COMPONENT,763,臣,,,,Component
COMPONENT,764,臤,,,,Component
COMPONENT,765,自,,,,Component
COMPONENT,766,至,,,,Component
COMPONENT,767,臼,,,,Component
COMPONENT,768,舃,,,,Component
COMPONENT,769,舌,,,,Component
COMPONENT,770,舎,,,,Component
COMPONENT,771,舛,,,,Component
COMPONENT,772,舜,,,,Component
COMPONENT,773,舟,,,,Component
COMPONENT,774,般,,,,Component
COMPONENT,775,艮,,,,Component
COMPONENT,776,良,,,,Component
COMPONENT,777,色,,,,Component
COMPONENT,778,艹,,,,Component
COMPONENT,779,艹日,,,,Component
COMPONENT,780,芻,,,,Component
COMPONENT,781,苗,,,,Component
COMPONENT,782,苟,,,,Component
COMPONENT,783,若,,,,Component
COMPONENT,784,英,,,,Component
COMPONENT,785,荅,,,,Component
COMPONENT,786,莫,,,,Component
COMPONENT,787,菐,,,,Component
COMPONENT,788,華,,,,Component
COMPONENT,789,董,,,,Component
COMPONENT,790,蒦,,,,Component
COMPONENT,791,蔵,,,,Component
COMPONENT,792,虍,,,,Component
COMPONENT,793,虎,,,,Component
COMPONENT,794,虚,,,,Component
COMPONENT,795,虫,,,,Component
COMPONENT,796,蜀,,,,Component
COMPONENT,797,血,,,,Component
COMPONENT,798,行,,,,Component
COMPONENT,799,衣,,,,Component
COMPONENT,800,衤,,,,Component
COMPONENT,801,表,,,,Component
COMPONENT,802,袁,,,,Component
COMPONENT,803,褱,,,,Component
COMPONENT,804,西,,,,Component
COMPONENT,805,覀,,,,Component
COMPONENT,806,要,,,,Component
COMPONENT,807,見,,,,Component
COMPONENT,808,規,,,,Component
COMPONENT,809,角,,,,Component
COMPONENT,810,言,,,,Component
COMPONENT,811,誊,,,,Component
COMPONENT,812,谷,,,,Component
COMPONENT,813,豆,,,,Component
COMPONENT,814,豈,,,,Component
COMPONENT,815,豊,,,,Component
COMPONENT,816,豕,,,,Component
COMPONENT,817,豙,,,,Component
COMPONENT,818,象,,,,Component
COMPONENT,819,豦,,,,Component
COMPONENT,820,豸,,,,Component
COMPONENT,821,貇,,,,Component
COMPONENT,822,貝,,,,Component
COMPONENT,823,貞,,,,Component
COMPONENT,824,責,,,,Component
COMPONENT,825,貴,,,,Component
COMPONENT,826,賁,,,,Component
COMPONENT,827,賞,,,,Component
COMPONENT,828,赤,,,,Component
COMPONENT,829,走,,,,Component
COMPONENT,830,足,,,,Component
COMPONENT,831,路,,,,Component
COMPONENT,832,身,,,,Component
COMPONENT,833,躬,,,,Component
COMPONENT,834,車,,,,Component
COMPONENT,835,軍,,,,Component
COMPONENT,836,辛,,,,Component
COMPONENT,837,辟,,,,Component
COMPONENT,838,辰,,,,Component
COMPONENT,839,農,,,,Component
COMPONENT,840,迶,,,,Component
COMPONENT,841,連,,,,Component
COMPONENT,842,道,,,,Component
COMPONENT,843,郎,,,,Component
COMPONENT,844,郷,,,,Component
COMPONENT,845,酉,,,,Component
COMPONENT,846,釆,,,,Component
COMPONENT,847,采,,,,Component
COMPONENT,848,里,,,,Component
COMPONENT,849,重,,,,Component
COMPONENT,850,量,,,,Component
COMPONENT,851,金,,,,Component
COMPONENT,852,長,,,,Component
COMPONENT,853,門,,,,Component
COMPONENT,854,閏,,,,Component
COMPONENT,855,間,,,,Component
COMPONENT,856,阝,,,,Component
COMPONENT,857,隊,,,,Component
COMPONENT,858,隶,,,,Component
COMPONENT,859,隹,,,,Component
COMPONENT,860,隺,,,,Component
COMPONENT,861,隻,,,,Component
COMPONENT,862,隽,,,,Component
COMPONENT,863,雇,,,,Component
COMPONENT,864,雍,,,,Component
COMPONENT,865,雨,,,,Component
COMPONENT,866,雲,,,,Component
COMPONENT,867,零,,,,Component
COMPONENT,868,需,,,,Component
COMPONENT,869,青,,,,Component
COMPONENT,870,非,,,,Component
COMPONENT,871,革,,,,Component
COMPONENT,872,韋,,,,Component
COMPONENT,873,韱,,,,Component
COMPONENT,874,音,,,,Component
COMPONENT,875,頁,,,,Component
COMPONENT,876,頃,,,,Component
COMPONENT,877,頼,,,,Component
COMPONENT,878,風,,,,Component
COMPONENT,879,飞,,,,Component
COMPONENT,880,食,,,,Component
COMPONENT,881,飠,,,,Component
COMPONENT,882,首,,,,Component
COMPONENT,883,香,,,,Component
COMPONENT,884,馬,,,,Component
COMPONENT,885,駦,,,,Component
COMPONENT,886,骨,,,,Component
COMPONENT,887,高,,,,Component
COMPONENT,888,鬲,,,,Component
COMPONENT,889,鬼,,,,Component
COMPONENT,890,魚,,,,Component
COMPONENT,891,鳥,,,,Component
COMPONENT,892,鹿,,,,Component
COMPONENT,893,麻,,,,Component
COMPONENT,894,黄,,,,Component
COMPONENT,895,黒,,,,Component
COMPONENT,896,鼡,,,,Component
COMPONENT,897,龍,,,,Component
COMPONENT,898,龰,,,,Component
COMPONENT,899,龵,,,,Component
COMPONENT,900,龶,,,,Component
COMPONENT,901,龷,,,,Component
COMPONENT,902,龸,,,,Component
COMPONENT,903,龹,,,,Component
COMPONENT,904,龺,,,,Component
COMPONENT,905,辶,,,,Component
COMPONENT,906,｜,,,,Component
COMPONENT,907,𠂉,,,,Component
COMPONENT,908,𠃌,,,,Component
COMPONENT,909,𠆢,,,,Component
COMPONENT,910,𠬝,,,,Component
COMPONENT,911,𠮷,,,,Component
COMPONENT,912,𡗗,,,,Component
COMPONENT,913,𦰩,,,,Component
